{
    "mean": [
        0.10667212094568433,
        -0.08591651012260038,
        -0.9380313155930209,
        -0.5011083981321547,
        -0.1517020538829332,
        0.009256811490359097
    ],
    "std_dev": [
        0.4279343335825759,
        0.20206942691912777,
        0.2720515654098599,
        1.2873529026504011,
        1.6456084529231665,
        0.7196210737929223
    ]
}