{
    "mean": [
        0.5597596910529365,
        0.6012422585158511,
        -0.1262348778058983,
        1.2203472669869848,
        5.263184678408761,
        -0.5102728565599206
    ],
    "std_dev": [
        0.6016681796823193,
        0.7078975435133197,
        0.5041636293677509,
        77.64645517195522,
        48.61103706788519,
        101.16812675394148
    ]
}